Product name,Price
Navy Blue Georgette Printed Top with Skirt for Junior Girls,2250.0
Navy Blue Georgette Printed Top with Skirt for Girls,2615.0
Purple Voile Printed & Tie-dyed Salwar Kameez Set for Girls,2165.0
Purple Voile Printed & Tie-dyed Salwar Kameez Set for Junior Girls,1875.0
Navy Blue Voile Printed & Tie-dyed Salwar Kameez Set for Girls,2195.0
Navy Blue Voile Printed & Tie-dyed Salwar Kameez Set for Junior Girls,1925.0
Orange Linen Printed & Embroidered Salwar Kameez Set for Girls,2765.0
Orange Linen Printed & Embroidered Salwar Kameez Set for Junior Girls,2565.0
Lavender Linen Printed & Embroidered Salwar Kameez Set for Girls,2325.0
Lavender Linen Printed & Embroidered Salwar Kameez Set for Junior Girls,2045.0
Teal Green Voile Printed Salwar Kameez Set for Girls,2745.0
Teal Green Voile Printed Salwar Kameez Set for Junior Girls,2545.0
Red Linen Printed Salwar Kameez Set for Junior Girls,1995.0
Red Linen Printed Salwar Kameez Set for Girls,2235.0
Red Linen Printed Top with Pant for Junior Girls,1585.0
Orange Voile Printed Salwar Kameez Set for Girls,2085.0
Orange Voile Printed Salwar Kameez Set for Junior Girls,2085.0
Lava Orange Voile Printed Top with Pant for Girls,1655.0
Lava Orange Voile Printed Top with Pant for Junior Girls,1495.0
Teal Blue Silk Printed Kaftan with Skirt for Girls,3135.0
Teal Blue Silk Printed Kaftan with Skirt for Junior Girls,2785.0
Off White Jacquard Cotton Printed & Embroidered Top with Palazzo for Girls,2595.0
Off White Jacquard Cotton Printed & Embroidered Top with Palazzo for Junior Girls,2315.0
Royal Blue Linen Top with Sharara for Girls,2075.0
Royal Blue Linen Top with Sharara for Junior Girls,1885.0
Multicolour Cotton Embroidered Top with Skirt for Girls,2395.0
Multicolour Cotton Embroidered Top with Skirt for Junior Girls,2135.0
Orange Coloured Jacquard Cotton Printed Salwar Kameez Set for Girls,2365.0
Plum Red Cotton Printed & Hand Embroidered Frock For Girls,1645.0
Multicolour Cotton Printed Frock for Girls,1275.0
Black Joysree Silk Printed & Embroidered Top with Sharara for Girls,3375.0
Black Joysree Silk Printed & Embroidered Top with Sharara for Junior Girls,2755.0
Navy Blue Jacquard Cotton Printed & Tie-dyed Salwar Kameez Set  for Junior Girls,2515.0
Marigold Jacquard Cotton Printed & Embroidered Salwar Kameez Set for Girls,2745.0
Marigold Jacquard Cotton Printed & Embroidered Salwar Kameez Set for Junior Girls,2295.0
Pastel Green Silk Printed Salwar Kameez Set for Girl,3295.0
Powder Pink Organza Salwar Kameez Set for Girl,3315.0
Regal Purple Cotton Printed & Embroidered Tunic for Junior Girls,1715.0
Pastel Green Cotton Printed & Embroidered Tunic for Girls,1785.0
Pastel Green Cotton Printed & Embroidered Tunic for Junior Girls,1665.0
Baby Pink Crepe Georgette Printed Top for Junior Girls,815.0
Aqua Green Voile Printed Frock for Girls,925.0
Aqua Green Voile Printed Frock for Junior Girls,825.0
White Voile Printed Frock for Junior Girls,765.0
White Voile Printed Frock for Junior Girls,795.0
White Voile Printed Frock for Junior Girls,750.0
Baby Pink Voile Frock for Girls,1575.0
Baby Pink Voile Frock for Junior Girls,1415.0
Lavender Voile Printed Frock for Girls,995.0
Lavender Voile Printed Frock for Junior Girls,850.0
Multicolour Voile Embroidered Frock for Girls,965.0
Lavender Voile Printed Frock for Girls,1225.0
Lavender Voile Printed Frock for Junior Girls,1045.0
Lavender Voile Printed Frock for Girls,1145.0
Lavender Voile Printed Frock for Junior Girls,1025.0
Vivid Purple Voile Printed Frock for Girls,1615.0
Vivid Purple Voile Printed Frock for Junior Girls,1445.0
Orange Jacquard Cotton Top for Girls,795.0
Orange Jacquard Cotton Top for Junior Girls,715.0
Pink Voile Printed Frock for Girls,1125.0
Pink Voile Prinred Frock for Junior Girls,985.0
Sage Green Swiss Cotton Top with Sharara for Girls,2125.0
Sage Green Swiss Cotton Top with Sharara for Junior Girls,1665.0
Peanut Colour Georgette Frock for Girls,2315.0
Multicolour Swiss Cotton Printed Frock for Junior Girls,765.0
Yellow Swiss Cotton Printed Frock for Girls,925.0
Light Paste Linen Kurti with Coaty for Girls,1395.0
Maroon Cotton Printed Top for Girls,770.0
White Linen Printed Top for Girls,950.0
Georgette Printed Frock for Junior Girls,1795.0
Off White Georgette Printed Frock for Girls,1055.0
Brown Cotton Printed Top for Junior Girls,750.0
Linen Printed Top for Junior Girls,915.0
White Silk Printed Frock for Junior Girls,1735.0
Orchid Pink Georgette Frock for Junior Girls,1725.0
Orange Linen Printed & Hand Embroidered Salwar Kameez Set for Girls,2845.0
Orange Linen Printed & Hand Embroidered Salwar Kameez Set for Junior Girls,2535.0
Orange Jacquard Cotton Salwar Kameez Set for Girls,2165.0
Orange Jacquard Cotton Salwar Kameez Set for Junior Girls,1865.0
Maroon Silk Printed Gown for Girls,1565.0
Light Brown Jacquard Cotton Salwar Kameez Set for Girls,2150.0
Golden Colour Georgette Top for Girls,895.0
Georgette Embroidered Frock for Junior Girls,1275.0
Magenta Jacquard Cotton Printed Salwar Kameez Set for Girls,2145.0
Jacquard Cotton Salwar Kameez Set for Girls,1965.0
Pastel Green Linen Printed & Tie-dyed Salwar Kameez Set for Junior Girls,1925.0
Georgette Embroidered Top with Lehenga for Girls,2850.0
Pink Linen Printed Top with Skirt for Girls,1955.0
Pink Linen Printed Top with Skirt for Junior Girls,1845.0
Multicolour Swiss Cotton Printed Frock for Girls,1095.0
Multicolour Cotton Frock for Girls,825.0
Multicolour Linen Top for Junior Girls,995.0
Turquoise Blue Cotton Printed Salwar Kameez Set for Junior Girls,1390.0
Linen Printed Top for Junior Girls,1090.0
